Datetime,Water Level (m)
2025-05-26 18:00:00,1.9735034
2025-05-26 19:00:00,1.7817111
2025-05-26 20:00:00,1.1700114
2025-05-26 21:00:00,0.28986347
2025-05-26 22:00:00,-0.65971005
2025-05-26 23:00:00,-1.4968911
2025-05-27 00:00:00,-2.144681
2025-05-27 01:00:00,-2.2855906
2025-05-27 02:00:00,-1.0924059
2025-05-27 03:00:00,0.29199573
2025-05-27 04:00:00,1.529438
2025-05-27 05:00:00,2.3713696
2025-05-27 06:00:00,2.7781246
2025-05-27 07:00:00,2.6968572
2025-05-27 08:00:00,2.1172066
2025-05-27 09:00:00,1.1932002
2025-05-27 10:00:00,0.1486834
2025-05-27 11:00:00,-0.8220312
2025-05-27 12:00:00,-1.6071975
2025-05-27 13:00:00,-2.1153247
2025-05-27 14:00:00,-1.9010041
2025-05-27 15:00:00,-0.55076957
2025-05-27 16:00:00,0.6036575
2025-05-27 17:00:00,1.6221296
2025-05-27 18:00:00,2.1539857
2025-05-27 19:00:00,2.2795372
2025-05-27 20:00:00,1.9639298
2025-05-27 21:00:00,1.173103
2025-05-27 22:00:00,0.21367367
2025-05-27 23:00:00,-0.7612755
2025-05-28 00:00:00,-1.5697113
2025-05-28 01:00:00,-2.0547478
2025-05-28 02:00:00,-1.7754781
2025-05-28 03:00:00,-0.44257483
2025-05-28 04:00:00,0.8209451
2025-05-28 05:00:00,2.0087647
2025-05-28 06:00:00,2.7361863
2025-05-28 07:00:00,3.0386853
2025-05-28 08:00:00,2.8371127
2025-05-28 09:00:00,2.0822182
2025-05-28 10:00:00,1.0703034
2025-05-28 11:00:00,-0.0063289045
2025-05-28 12:00:00,-0.91543657
2025-05-28 13:00:00,-1.6012859
2025-05-28 14:00:00,-1.9003261
2025-05-28 15:00:00,-1.2697344
2025-05-28 16:00:00,0.00793049
2025-05-28 17:00:00,1.1338447
2025-05-28 18:00:00,2.0656288
2025-05-28 19:00:00,2.554647
2025-05-28 20:00:00,2.571066
2025-05-28 21:00:00,2.113244
2025-05-28 22:00:00,1.3047519
2025-05-28 23:00:00,0.37404692
2025-05-29 00:00:00,-0.5147554
2025-05-29 01:00:00,-1.1913186
2025-05-29 02:00:00,-1.4790438
2025-05-29 03:00:00,-0.89029574
2025-05-29 04:00:00,0.40875515
2025-05-29 05:00:00,1.7922015
2025-05-29 06:00:00,2.8624773
2025-05-29 07:00:00,3.4785995
2025-05-29 08:00:00,3.6152024
2025-05-29 09:00:00,3.2643929
2025-05-29 10:00:00,2.4506316
2025-05-29 11:00:00,1.3392141
2025-05-29 12:00:00,0.25148576
2025-05-29 13:00:00,-0.68146133
2025-05-29 14:00:00,-1.3162478
2025-05-29 15:00:00,-1.5378218
2025-05-29 16:00:00,-0.9197851
2025-05-29 17:00:00,0.24753894
2025-05-29 18:00:00,1.266179
2025-05-29 19:00:00,2.0034153
2025-05-29 20:00:00,2.347545
2025-05-29 21:00:00,2.2928884
2025-05-29 22:00:00,1.8133243
2025-05-29 23:00:00,1.0313156
2025-05-30 00:00:00,0.11025749
2025-05-30 01:00:00,-0.75322896
2025-05-30 02:00:00,-1.3814701
2025-05-30 03:00:00,-1.6070538
2025-05-30 04:00:00,-1.0280128
2025-05-30 05:00:00,0.19220923
2025-05-30 06:00:00,1.3346211
2025-05-30 07:00:00,2.2145436
2025-05-30 08:00:00,2.6923854
2025-05-30 09:00:00,2.7403557
2025-05-30 10:00:00,2.3350341
2025-05-30 11:00:00,1.5423732
2025-05-30 12:00:00,0.55143744
2025-05-30 13:00:00,-0.42605647
2025-05-30 14:00:00,-1.2043898
2025-05-30 15:00:00,-1.7578944
2025-05-30 16:00:00,-1.803928
2025-05-30 17:00:00,-0.9331982
2025-05-30 18:00:00,0.17443697
2025-05-30 19:00:00,1.1179773
2025-05-30 20:00:00,1.7367306
2025-05-30 21:00:00,1.98976
2025-05-30 22:00:00,1.8721353
2025-05-30 23:00:00,1.3604555
2025-05-31 00:00:00,0.6060453
2025-05-31 01:00:00,-0.24348968
2025-05-31 02:00:00,-0.9985537
2025-05-31 03:00:00,-1.5259329
2025-05-31 04:00:00,-1.5980066
2025-05-31 05:00:00,-0.80759436
2025-05-31 06:00:00,0.29648975
2025-05-31 07:00:00,1.3300072
2025-05-31 08:00:00,2.0620825
2025-05-31 09:00:00,2.4435968
2025-05-31 10:00:00,2.4246764
2025-05-31 11:00:00,1.9566796
2025-05-31 12:00:00,1.1835461
2025-05-31 13:00:00,0.26015085
2025-05-31 14:00:00,-0.60704416
2025-05-31 15:00:00,-1.3119903
2025-05-31 16:00:00,-1.7266066
2025-05-31 17:00:00,-1.620793
2025-05-31 18:00:00,-0.75323105
2025-05-31 19:00:00,0.18629456
2025-05-31 20:00:00,1.0258421
2025-05-31 21:00:00,1.5686578
2025-05-31 22:00:00,1.7860639
2025-05-31 23:00:00,1.6633166
2025-06-01 00:00:00,1.1698387
2025-06-01 01:00:00,0.47718492
2025-06-01 02:00:00,-0.2931013
2025-06-01 03:00:00,-0.9542091
2025-06-01 04:00:00,-1.3849136
2025-06-01 05:00:00,-1.3131495
2025-06-01 06:00:00,-0.4909439
2025-06-01 07:00:00,0.4676904
2025-06-01 08:00:00,1.3658698
2025-06-01 09:00:00,1.9812052
2025-06-01 10:00:00,2.265807
2025-06-01 11:00:00,2.202628
2025-06-01 12:00:00,1.7334632
2025-06-01 13:00:00,1.0069703
2025-06-01 14:00:00,0.14941317
2025-06-01 15:00:00,-0.64889044
2025-06-01 16:00:00,-1.2539846
2025-06-01 17:00:00,-1.5617629
2025-06-01 18:00:00,-1.3381703
